"Figure 5: COVID-19 mortality rates were higher than influenza and pneumonia rates for 2020 and the five-year average for all age groups in England",""
"Age-standardised and age-specific mortality rates for deaths due to influenza and pneumonia,  and COVID-19, England, occurring between 1 January and 31 August 2020 and registered by 5 September 2020",""
"",""
"Notes","1.	Figures exclude deaths of non-residents.
2.	Figures are based on boundaries as of May 2020.
3.	Based on date a death occurred, registered up to 5 September 2020.
4.	Figures for 2020 are based on provisional mortality data and projected populations.
5.	The International Classification of Diseases, tenth edition (ICD-10) definitions are as follows: coronavirus (COVID-19) (U07.1 and U07.2), influenza and pneumonia (J09-J18).
6.	Age-standardised mortality rates (ASMRs) per 100,000 population, standardised to the 2013 European Standard Population for all ages and under 65 years. For more information, see [Section 8: Measuring the data](https://www.ons.gov.uk/peoplepopulationandcommunity/birthsdeathsandmarriages/deaths/bulletins/deathsduetocoronaviruscovid19comparedwithdeathsfrominfluenzaandpneumoniaenglandandwales/deathsoccurringbetween1januaryand31august2020#measuring-the-data)."
"Unit","Rate per 100,000 population"
"",""
"Age group","Influenza and Pneumonia 2020","Influenza and Pneumonia 5-year average ","COVID-19"
"All ages","35.6","52.2","125.1"
"Under 65","3.1","4.6","16.6"
"65-69","23.8","32.7","134.3"
"70-74","42.1","58.3","220.3"
"75-79","83.9","126.8","452.3"
"80-84","201.2","299","903.5"
"85+","824.4","1205.8","2068.3"
